department_id,name,building,head_of_dept,established_year
D01,Reduce Department,Block B,Kelly Burton,2014
D02,Realize Department,Block C,Luke Brown,2007
D03,Ready Department,Block D,Daniel Myers,1994
D04,Early Department,Block E,Judith Stevenson,2013
D05,Experience Department,Block F,Brandon Sparks,2000
D06,Together Department,Block G,Dawn Curtis,1983
D07,Official Department,Block H,Meredith Allen,2015
D08,Nice Department,Block I,Dennis Adams,1980
D09,Of Department,Block J,Andres Chung,1996
D10,Arm Department,Block K,Lisa Morris,2019
D11,Democratic Department,Block L,David Bradley,2011
D12,Class Department,Block M,Nicole Colon,1980
D13,Challenge Department,Block N,Monique Hall,1988
D14,Professor Department,Block O,Trevor Morgan,2014
D15,Teach Department,Block P,Eric Robinson,2009
D16,Today Department,Block Q,Anthony Gonzalez,2003
D17,Language Department,Block R,Christopher Guerra,2001
D18,Trip Department,Block S,Joseph Walker,2022
D19,Few Department,Block T,Daniel Smith,1998
D20,Travel Department,Block U,Paul Reynolds,2007
D21,Model Department,Block V,Natasha Johnson,2012
D22,Hot Department,Block W,Matthew Ramirez,1996
D23,Able Department,Block X,Nicole Young,1990
D24,Expect Department,Block Y,Tracey Gardner,1983
D25,Trade Department,Block Z,Michael Hogan,2016
D26,Member Department,Block A,Lauren Cummings,1997
D27,Never Department,Block B,Todd Lopez,1999
D28,Lot Department,Block C,Emily Hodge,1987
D29,Message Department,Block D,Blake West,2021
D30,Majority Department,Block E,Michael Flores,1995
D31,True Department,Block F,Scott Crawford,2012
D32,Charge Department,Block G,George Cunningham,2012
D33,Join Department,Block H,Angela Jacobson,1987
D34,Seat Department,Block I,Denise Blake,1986
D35,After Department,Block J,John Dodson,2006
D36,Teacher Department,Block K,Sylvia Oneill,1980
D37,Effort Department,Block L,Kimberly Jones,1981
D38,Brother Department,Block M,James Love,2003
D39,Room Department,Block N,Jessica Holmes,2000
D40,Join Department,Block O,Andrew Ruiz,2000
D41,Beautiful Department,Block P,Kelly Sheppard,1995
D42,Life Department,Block Q,Julian Smith,1997
D43,Subject Department,Block R,Elizabeth Chang,2022
D44,No Department,Block S,Peter Carroll,2010
D45,Feel Department,Block T,Peter Turner,1982
D46,Health Department,Block U,Bailey Padilla,1986
D47,Deal Department,Block V,Kenneth Olson,2006
D48,Marriage Department,Block W,Felicia Patterson,2015
D49,Build Department,Block X,Chris Scott,1985
D50,Gas Department,Block Y,Frank Blair,2015
